subject_id,subject_name,grade_level,department,credit_hours,syllabus_link,teacher_id,school_id,is_elective,updated_at
1,Centralized human-resource system engine,3,heart,2,http://lane-ramirez.net/,29,94,Y,2024-10-24
2,Progressive optimizing collaboration,6,choice,4,https://www.reed.org/,7,75,N,2024-08-13
3,Business-focused mission-critical groupware,5,decide,4,https://www.buchanan-brown.org/,893,14,N,2024-06-25
4,Robust hybrid definition,1,never,1,https://kane.com/,142,100,Y,2024-07-18
5,Decentralized mobile monitoring,6,send,1,http://durham.com/,428,51,N,2024-04-12
6,Devolved 4thgeneration methodology,7,blue,4,http://www.gray.com/,857,8,N,2024-08-29
7,Polarized systematic task-force,1,far,3,http://www.warren.com/,633,3,N,2024-12-15
8,Optional full-range infrastructure,11,gun,3,http://www.williams.com/,713,59,N,2024-05-23
9,Open-architected analyzing workforce,6,professional,4,http://www.bell.com/,551,74,Y,2024-04-01
10,Organic zero-defect help-desk,8,customer,5,https://www.lin-miller.org/,717,32,Y,2024-07-18
11,Enterprise-wide multi-tasking structure,10,evening,3,http://kerr.com/,500,35,Y,2024-05-10
12,Balanced motivating model,8,evening,2,http://www.martin.com/,898,73,Y,2024-02-28
13,Configurable actuating strategy,12,authority,2,http://www.davis.com/,334,20,Y,2024-02-12
14,Exclusive multimedia capability,12,quickly,5,http://dunn.com/,750,50,Y,2025-01-10
15,Secured 5thgeneration Graphical User Interface,10,similar,1,https://www.palmer.com/,28,18,N,2024-07-31
16,Front-line holistic groupware,7,subject,3,http://perez.com/,510,10,N,2024-07-15
17,Phased value-added alliance,3,industry,3,https://www.brown.com/,692,84,Y,2024-10-17
18,Multi-tiered even-keeled strategy,3,I,1,https://www.alexander.com/,104,10,Y,2024-05-11
19,Vision-oriented encompassing neural-net,3,similar,4,https://www.brooks.com/,664,54,Y,2024-10-29
20,User-friendly 3rdgeneration budgetary management,4,blue,4,http://www.perez.com/,461,25,Y,2024-04-07
21,Open-source maximized workforce,4,she,2,https://walker.biz/,8,79,Y,2024-11-22
22,Virtual context-sensitive moratorium,2,day,3,http://mccarty-calderon.com/,379,21,Y,2024-10-19
23,Total scalable archive,8,dinner,5,http://silva-huber.net/,944,99,Y,2024-05-04
24,Function-based background secured line,4,per,3,https://www.heath-roberts.net/,396,28,Y,2024-11-21
25,Stand-alone uniform capability,12,break,2,http://davis.biz/,528,57,N,2024-06-15
26,Total heuristic Internet solution,11,analysis,2,http://www.ramirez.net/,823,47,N,2024-10-21
27,Multi-lateral client-driven orchestration,6,best,4,http://www.vargas.com/,988,71,N,2024-10-27
28,Automated needs-based conglomeration,7,word,5,https://hernandez.com/,35,96,N,2024-07-22
29,Multi-layered high-level solution,9,matter,1,https://www.davis-blair.biz/,33,7,N,2025-01-28
30,Reverse-engineered fresh-thinking open architecture,9,indicate,5,https://www.haley.com/,674,45,Y,2024-09-25
31,Enhanced systemic infrastructure,9,toward,1,https://www.brown-johnson.net/,336,61,N,2024-02-23
32,Switchable reciprocal algorithm,1,successful,1,https://atkins.org/,874,41,N,2024-08-20
33,Universal analyzing policy,4,baby,5,https://smith.info/,705,96,N,2024-07-23
34,Cross-platform didactic methodology,8,yeah,5,https://www.durham.com/,110,72,Y,2024-10-23
35,Compatible tertiary knowledge user,8,local,4,https://sullivan.com/,636,92,N,2024-09-26
36,Enhanced radical synergy,10,inside,1,http://www.adams-meyer.com/,819,37,Y,2024-07-20
37,Reactive context-sensitive firmware,6,lot,1,http://white.info/,979,38,N,2024-04-12
38,Innovative clear-thinking product,7,claim,4,http://www.henry.net/,95,77,N,2025-01-20
39,Team-oriented object-oriented extranet,5,policy,1,https://www.alexander-sanchez.com/,466,12,Y,2024-12-08
40,Organized global matrix,1,fine,4,http://www.santiago.com/,941,47,N,2024-04-04
41,Multi-tiered neutral approach,3,interesting,4,http://lopez.net/,401,55,N,2024-05-01
42,Mandatory local superstructure,5,work,3,https://wiggins-chen.info/,684,43,Y,2024-09-07
43,Open-architected asynchronous info-mediaries,11,work,4,http://www.moore.com/,226,64,N,2024-08-05
44,Synergistic cohesive forecast,7,speak,4,http://miller.com/,370,78,N,2024-04-01
45,Innovative directional contingency,10,be,5,https://www.simon.com/,47,22,Y,2024-09-08
46,Profound scalable capacity,5,list,3,http://www.jenkins.net/,945,100,Y,2024-05-01
47,Phased attitude-oriented pricing structure,4,area,5,http://huerta.com/,105,55,Y,2024-09-28
48,Networked local solution,3,section,4,http://cox.net/,440,35,N,2024-06-25
49,Switchable 5thgeneration Internet solution,10,who,1,http://sparks.info/,540,83,N,2024-08-19
50,Mandatory next generation system engine,2,these,3,http://rodriguez.com/,395,21,Y,2024-11-11
51,Integrated attitude-oriented hardware,7,art,2,https://taylor.info/,730,43,Y,2024-05-14
52,Function-based intangible installation,11,us,3,https://robinson.biz/,770,27,Y,2024-02-01
53,Business-focused bottom-line matrices,2,commercial,3,http://www.russell-gonzales.org/,85,81,Y,2024-03-28
54,Managed composite complexity,2,quite,2,https://green.com/,354,56,Y,2024-09-03
55,Multi-layered zero-defect strategy,2,we,4,http://www.reyes-dean.net/,919,1,Y,2024-05-15
56,Synchronized encompassing knowledge user,8,high,5,http://www.lynn.com/,297,61,Y,2024-02-20
57,Cross-group bottom-line core,5,collection,3,http://www.nelson-west.biz/,468,74,Y,2025-01-26
58,Extended didactic Internet solution,8,draw,2,http://www.santiago.info/,767,23,Y,2024-04-14
59,Front-line intangible framework,10,party,1,http://www.miller-jenkins.net/,495,98,N,2024-03-09
60,Polarized multi-tasking emulation,2,here,5,http://www.gardner.net/,716,53,Y,2024-12-23
61,Cross-platform transitional alliance,3,just,3,https://rios.com/,535,70,N,2024-08-22
62,Extended didactic time-frame,11,scientist,5,https://www.jimenez-simpson.com/,971,35,Y,2024-09-25
63,Mandatory regional workforce,2,put,2,https://scott.com/,650,91,N,2024-12-28
64,Upgradable client-server alliance,12,leave,4,https://barrera.org/,312,2,N,2024-04-26
65,Distributed foreground data-warehouse,5,know,4,https://hancock-brennan.biz/,281,4,N,2024-08-22
66,Right-sized static service-desk,4,decade,5,http://www.carter.net/,489,20,N,2024-07-16
67,Multi-layered asynchronous strategy,2,marriage,4,http://jackson.com/,356,53,N,2024-03-11
68,Advanced asymmetric project,8,pick,4,http://www.mcguire-jordan.com/,604,74,Y,2024-10-01
69,Fundamental heuristic definition,7,in,1,http://young.com/,519,32,N,2024-11-05
70,Phased full-range hardware,5,learn,2,http://www.carpenter.info/,337,16,Y,2024-12-16
71,Focused well-modulated support,9,its,1,https://hancock-miller.net/,612,41,N,2024-10-04
72,Enterprise-wide 5thgeneration firmware,6,measure,3,http://www.huber-mosley.com/,80,75,Y,2024-08-03
73,Implemented fresh-thinking time-frame,5,already,1,https://bradley.org/,378,17,N,2024-02-22
74,Horizontal bifurcated protocol,4,pick,3,https://edwards.net/,561,33,Y,2024-02-12
75,Public-key multi-tasking adapter,2,environmental,4,http://www.thompson-silva.com/,866,99,Y,2024-12-14
76,Diverse client-server portal,11,staff,4,http://keith.org/,50,84,N,2024-08-28
77,Multi-layered discrete analyzer,5,politics,5,https://clark.org/,932,16,N,2024-03-27
78,Expanded background data-warehouse,5,region,3,http://www.miller-velez.com/,218,32,N,2024-03-21
79,Persistent cohesive hierarchy,12,particularly,3,https://www.white.com/,864,23,Y,2024-08-10
80,Up-sized upward-trending synergy,2,dog,3,http://www.moore.biz/,391,79,Y,2024-02-17
81,Open-source discrete database,5,although,4,https://www.garrison.com/,964,87,Y,2024-04-26
82,Public-key bifurcated projection,7,water,3,http://www.mckay.com/,79,45,N,2024-11-20
83,Organized multimedia budgetary management,4,marriage,2,http://www.russell-frazier.com/,487,55,N,2024-11-30
84,Ameliorated directional adapter,1,local,5,http://andrews.com/,91,26,N,2024-04-17
85,Cross-group actuating access,2,if,4,http://gray-collins.com/,519,9,Y,2024-03-09
86,Centralized explicit moratorium,10,believe,1,http://mcmahon-west.info/,499,15,N,2024-12-25
87,Down-sized fault-tolerant knowledge user,8,analysis,1,http://stevens.net/,673,39,N,2024-12-10
88,Public-key didactic policy,2,chance,3,http://www.anderson.info/,597,46,Y,2024-11-22
89,Team-oriented non-volatile flexibility,5,quality,5,http://romero-jones.com/,878,89,N,2024-10-09
90,Devolved needs-based forecast,6,industry,5,https://johnson-morales.com/,794,25,N,2024-05-03
91,Reverse-engineered dedicated hub,4,type,4,http://www.macias.com/,563,5,N,2024-06-19
92,Programmable secondary focus group,3,old,5,http://smith-jacobs.org/,404,55,Y,2024-07-13
93,Programmable scalable contingency,9,dark,1,http://flores.com/,548,33,Y,2024-06-14
94,Down-sized attitude-oriented initiative,9,building,5,http://anderson-turner.com/,907,9,N,2024-09-27
95,Proactive homogeneous collaboration,9,speech,3,http://www.gonzalez-andrade.com/,543,18,N,2024-07-19
96,User-friendly multi-tasking time-frame,12,artist,2,https://www.bruce.com/,201,84,Y,2024-03-08
97,Ergonomic value-added info-mediaries,10,spend,5,https://griffin.net/,33,59,Y,2024-07-16
98,Expanded intangible software,5,call,4,http://mack.info/,283,33,N,2024-12-29
99,De-engineered 3rdgeneration circuit,1,medical,2,https://www.thomas-patel.com/,23,85,Y,2024-07-17
100,Multi-layered neutral instruction set,7,partner,1,http://james.com/,268,46,Y,2024-03-24
101,Networked systemic secured line,11,already,5,http://brown.info/,630,7,Y,2024-10-05
102,Future-proofed context-sensitive adapter,9,sometimes,4,https://holloway-cunningham.info/,237,28,Y,2024-05-07
103,Configurable local firmware,1,him,2,https://rodriguez-stewart.com/,505,82,N,2024-06-29
104,Synergistic national service-desk,4,six,2,http://www.watts.com/,828,59,Y,2024-06-03
105,Multi-lateral contextually-based paradigm,3,act,2,https://www.hansen.org/,801,64,Y,2025-01-21
106,Operative intermediate frame,7,run,5,https://www.jackson-jackson.info/,878,42,Y,2024-02-29
107,Total mission-critical project,5,pick,2,http://www.nguyen.net/,150,84,N,2024-07-25
108,Synchronized bandwidth-monitored Internet solution,1,party,3,https://faulkner.biz/,600,7,N,2024-03-17
109,Visionary explicit capability,8,probably,2,http://www.martin-kennedy.com/,366,27,N,2024-03-12
110,Triple-buffered methodical Graphical User Interface,3,whole,2,http://woods-medina.org/,429,97,N,2024-08-03
111,Persistent demand-driven circuit,5,feeling,5,https://www.shepard.com/,211,7,N,2024-11-24
112,Mandatory encompassing orchestration,4,trial,5,http://www.lopez-green.info/,480,25,N,2025-01-14
113,Public-key secondary paradigm,6,sister,1,https://gibson.com/,200,87,N,2024-08-29
114,Exclusive fresh-thinking system engine,10,myself,5,http://long.biz/,445,38,Y,2024-09-16
115,Proactive context-sensitive knowledgebase,7,nor,1,https://jenkins.com/,649,49,Y,2024-09-28
116,Diverse demand-driven intranet,12,which,1,http://www.hill.com/,625,72,N,2024-07-04
117,Triple-buffered grid-enabled benchmark,3,forget,4,http://norton.com/,262,2,N,2024-09-26
118,Self-enabling executive implementation,2,test,3,https://www.spencer.biz/,671,90,Y,2024-04-13
119,Quality-focused dedicated process improvement,2,expert,4,https://acosta-santiago.com/,298,12,Y,2024-06-29
120,Multi-lateral 24hour definition,10,rock,5,http://www.robertson-frye.org/,876,12,Y,2024-06-07
121,Stand-alone uniform firmware,7,grow,3,https://www.herman-hamilton.org/,430,40,Y,2024-09-29
122,User-centric interactive task-force,11,book,2,http://www.lopez-lewis.com/,715,47,N,2024-10-19
123,Horizontal didactic application,3,natural,4,https://www.howell.net/,42,6,N,2024-02-04
124,Re-contextualized radical product,3,accept,5,http://wagner-cantrell.com/,771,83,Y,2024-12-11
125,Versatile reciprocal flexibility,3,question,2,http://cardenas-hall.net/,534,34,Y,2024-10-24
126,Networked regional encryption,6,strong,4,https://www.francis.biz/,624,79,Y,2024-06-21
127,Synchronized content-based migration,9,cost,5,https://walsh.com/,327,74,N,2024-08-25
128,Fully-configurable zero tolerance concept,6,subject,5,http://davis.com/,579,22,Y,2024-02-25
129,Monitored executive capacity,6,include,1,http://www.alvarado-buckley.com/,657,62,N,2024-09-26
130,Mandatory solution-oriented access,8,star,3,http://www.powell-bell.biz/,181,77,N,2024-03-09
131,Ameliorated user-facing Local Area Network,10,gun,4,http://www.taylor.com/,470,46,N,2024-12-08
132,Innovative optimal matrix,6,cause,3,http://hale.net/,105,21,N,2024-06-18
133,Innovative optimizing installation,7,politics,2,http://wilson.com/,549,25,N,2024-07-23
134,Organic secondary methodology,8,have,4,http://www.jennings-rodriguez.net/,434,45,N,2024-04-30
135,Synergized clear-thinking synergy,1,current,2,http://holt.com/,83,95,Y,2024-02-15
136,Managed multi-tasking Internet solution,2,necessary,2,https://kelly-hernandez.com/,131,81,Y,2025-01-06
137,Implemented high-level installation,4,under,2,https://campos.com/,660,98,N,2024-04-08
138,Upgradable needs-based access,6,view,2,https://www.carter.com/,657,100,N,2024-11-30
139,Expanded fault-tolerant migration,3,adult,1,http://casey.com/,309,37,Y,2024-12-08
140,Fully-configurable cohesive support,6,common,3,http://smith.com/,693,100,N,2024-03-01
141,Self-enabling incremental portal,8,baby,3,https://www.bowman-sosa.biz/,578,65,Y,2024-05-23
142,Adaptive homogeneous capability,10,particularly,4,https://mccarty.com/,907,67,Y,2024-11-16
143,Fundamental homogeneous focus group,9,position,2,https://www.munoz.net/,371,20,N,2024-10-09
144,Ameliorated neutral throughput,5,threat,2,http://www.davis.com/,37,80,Y,2024-11-06
145,Customizable fault-tolerant circuit,6,music,2,http://pittman-lopez.com/,955,97,N,2024-06-30
146,Assimilated contextually-based matrices,3,cultural,1,http://www.whitaker.com/,361,9,N,2024-12-27
147,Switchable hybrid adapter,4,wife,3,https://hughes.com/,809,49,N,2024-09-17
148,Compatible discrete focus group,1,own,4,http://www.wilson.com/,976,69,Y,2025-01-06
149,Digitized zero-defect contingency,12,task,3,http://www.ramirez.com/,482,14,N,2024-08-12
150,Ergonomic well-modulated artificial intelligence,8,from,3,http://www.davis.biz/,426,14,Y,2024-02-03
151,Configurable responsive toolset,9,stuff,1,http://www.zhang.com/,681,10,Y,2024-02-17
152,Fundamental mobile array,4,east,1,http://www.byrd.com/,167,23,Y,2024-10-30
153,Grass-roots global frame,12,article,2,http://miller.com/,215,75,N,2024-07-03
154,Self-enabling real-time policy,6,benefit,1,http://www.vargas.info/,184,13,N,2024-04-14
155,Open-architected empowering model,10,capital,5,http://fry.net/,230,18,Y,2024-03-26
156,Advanced transitional emulation,3,specific,5,https://sanchez-waters.org/,364,34,Y,2024-04-24
157,Devolved background model,5,evening,2,http://maxwell-soto.com/,958,22,N,2024-03-03
158,Cross-platform bottom-line encryption,4,road,2,http://www.baker.com/,423,96,Y,2024-08-30
159,Self-enabling 5thgeneration data-warehouse,2,baby,3,http://www.barton-graham.com/,271,41,Y,2024-12-11
160,Synchronized fresh-thinking help-desk,8,professional,1,http://jones.biz/,345,83,Y,2024-10-16
161,User-friendly modular orchestration,5,man,3,http://www.kirk.com/,128,80,N,2024-05-21
162,User-friendly 6thgeneration access,8,writer,5,https://smith.net/,883,57,N,2024-02-10
163,Future-proofed cohesive methodology,9,article,5,https://nunez.com/,830,5,Y,2024-02-19
164,Digitized fault-tolerant task-force,11,keep,1,https://www.jones.net/,655,46,Y,2024-09-03
165,Advanced system-worthy approach,4,throw,2,http://www.mills-taylor.com/,433,69,N,2024-05-06
166,Self-enabling static architecture,3,ability,2,http://moore.info/,929,23,N,2024-09-02
167,Compatible full-range Internet solution,4,prove,3,https://www.white.net/,364,35,N,2024-06-09
168,Inverse attitude-oriented algorithm,10,sell,1,http://rhodes.com/,213,25,N,2024-09-24
169,Configurable leadingedge middleware,12,little,5,https://hester.com/,723,25,Y,2025-01-15
170,Managed upward-trending paradigm,1,growth,3,https://williams-nicholson.com/,456,11,N,2024-09-11
171,Business-focused user-facing framework,4,also,2,http://mueller-weeks.com/,206,91,Y,2024-05-26
172,Horizontal full-range open system,6,recent,3,http://www.mack.com/,349,44,Y,2024-11-27
173,Universal explicit process improvement,8,religious,5,http://davis-wright.com/,748,61,N,2024-07-07
174,Reduced mobile workforce,11,including,2,http://www.duncan.com/,646,49,Y,2024-11-12
175,Virtual next generation array,3,point,2,https://adams.com/,338,55,N,2024-03-24
176,Reactive actuating interface,1,thus,5,http://williams.com/,239,2,N,2024-06-13
177,Polarized maximized service-desk,9,teacher,5,http://hudson.biz/,81,77,N,2024-09-30
178,Triple-buffered web-enabled instruction set,1,night,4,https://www.lin-savage.com/,713,72,N,2024-09-17
179,Expanded systemic complexity,8,skin,5,https://rodriguez.net/,402,73,Y,2024-05-16
180,Balanced needs-based frame,11,others,5,https://hernandez-stanton.com/,974,14,Y,2025-01-07
181,Optimized bandwidth-monitored Graphical User Interface,11,ball,5,http://pham-alvarez.com/,298,72,N,2024-05-07
182,Optimized user-facing Graphical User Interface,5,experience,4,https://harris.info/,121,23,Y,2024-12-13
183,Innovative needs-based policy,11,special,1,http://www.walker.com/,613,90,Y,2024-11-02
184,User-centric well-modulated conglomeration,1,figure,2,http://walker.info/,297,12,N,2024-02-14
185,Compatible clear-thinking functionalities,6,discussion,1,https://curtis.com/,507,42,N,2024-04-29
186,Digitized real-time budgetary management,4,participant,4,https://huynh.net/,216,43,Y,2024-03-10
187,Realigned client-driven strategy,4,enough,2,http://www.powers-barton.com/,901,61,Y,2024-12-07
188,Advanced bottom-line emulation,3,identify,5,https://zhang.com/,794,76,N,2024-08-23
189,Seamless national encryption,7,Republican,4,http://nichols-riley.com/,514,56,N,2024-05-15
190,Cross-group encompassing interface,9,check,3,http://www.cooley-edwards.com/,218,9,Y,2024-06-10
191,Universal directional Graphical User Interface,7,imagine,2,http://warner.org/,936,9,Y,2024-10-06
192,Robust eco-centric process improvement,12,almost,4,http://www.owen-adams.com/,364,97,Y,2024-12-13
193,Stand-alone client-driven throughput,5,us,5,http://hamilton.info/,260,60,Y,2024-10-25
194,Upgradable foreground website,10,return,4,https://www.nelson-cox.net/,752,47,N,2024-11-27
195,Switchable bandwidth-monitored model,12,country,2,https://www.curtis.com/,81,3,N,2025-01-01
196,Intuitive logistical benchmark,6,edge,4,https://collins-garcia.net/,508,9,Y,2024-02-24
197,Devolved needs-based paradigm,4,continue,1,http://www.daniel-brennan.com/,678,99,Y,2025-01-20
198,Upgradable 4thgeneration open system,8,level,3,http://www.brooks.net/,588,54,Y,2024-05-07
199,Intuitive executive interface,9,cut,5,https://www.hudson-hanson.com/,593,98,N,2024-10-22
200,Streamlined 5thgeneration hardware,9,important,4,http://www.gibbs-wilson.com/,625,58,Y,2024-09-17
201,Innovative national matrices,6,point,5,https://www.garcia.com/,307,27,N,2024-11-18
202,Persistent intangible approach,3,degree,2,http://hill.com/,103,34,N,2024-08-15
203,Focused transitional capacity,6,southern,2,http://berry.info/,760,13,Y,2024-08-30
204,Ameliorated reciprocal support,6,high,5,https://romero.info/,444,6,N,2024-09-16
205,User-friendly multi-tasking toolset,3,far,1,http://hobbs-henderson.com/,775,80,Y,2024-08-08
206,Reactive grid-enabled pricing structure,9,believe,1,http://long.com/,699,35,Y,2025-01-06
207,Devolved radical architecture,11,budget,5,https://www.vincent.biz/,894,93,Y,2024-08-31
208,Monitored directional help-desk,6,performance,1,http://www.reilly-beard.com/,818,39,Y,2024-08-03
209,Open-source high-level model,5,purpose,1,http://www.howell.com/,367,8,N,2024-10-21
210,Organized responsive solution,1,measure,1,https://williams.com/,721,31,N,2024-07-22
211,Fully-configurable directional benchmark,8,guy,3,https://www.newton.com/,733,21,N,2024-03-14
212,Innovative tangible Internet solution,4,husband,4,https://adams-lee.com/,261,10,Y,2025-01-30
213,Visionary object-oriented product,3,national,4,http://www.garza.net/,311,58,Y,2025-01-24
214,Cloned background paradigm,6,past,3,https://martinez.com/,706,29,Y,2024-09-19
215,Function-based disintermediate implementation,5,like,3,http://www.mendoza.com/,217,77,N,2024-07-26
216,Organized analyzing intranet,1,common,3,https://www.king-wilson.com/,130,33,Y,2024-04-01
217,Decentralized 5thgeneration Graphic Interface,9,forget,1,https://cardenas-moyer.biz/,465,37,N,2024-08-08
218,Customizable tangible challenge,3,prevent,3,https://irwin-parker.com/,689,31,N,2024-03-28
219,Multi-layered exuding matrices,9,claim,3,http://escobar.info/,770,81,Y,2024-05-18
220,Balanced foreground function,8,leg,4,http://cooke-brown.com/,516,23,Y,2024-12-06
221,Business-focused local neural-net,10,early,1,http://www.foster-smith.info/,562,83,Y,2024-04-18
222,Polarized leadingedge standardization,3,difference,2,https://www.figueroa-larson.net/,315,99,N,2024-12-31
223,Optional scalable capability,7,spring,1,http://www.schultz-scott.com/,959,34,Y,2024-07-23
224,User-friendly content-based algorithm,9,remember,1,https://www.mitchell.com/,620,63,Y,2024-06-03
225,Business-focused methodical productivity,3,born,1,https://rodriguez.org/,623,98,N,2024-11-27
226,Virtual exuding data-warehouse,10,nice,1,http://www.norton-shepherd.com/,622,56,Y,2024-06-22
227,Cloned tertiary interface,6,record,1,https://salazar-bryant.com/,851,88,N,2025-01-01
228,Secured dedicated core,10,sound,1,http://henry-jones.com/,77,61,N,2024-04-04
229,Robust encompassing capacity,11,sell,2,https://nguyen.com/,242,16,N,2024-12-11
230,Cross-group interactive emulation,1,book,2,http://www.marshall-bennett.biz/,687,45,Y,2024-10-09
231,Multi-lateral mobile installation,4,believe,4,http://www.brooks.com/,613,61,Y,2024-12-16
232,Virtual national monitoring,9,he,4,https://www.turner.com/,53,40,Y,2024-12-31
233,Networked zero tolerance matrix,8,sign,4,http://www.sandoval.com/,944,45,N,2024-07-18
234,Quality-focused dedicated circuit,3,catch,3,https://lee.net/,204,60,Y,2024-08-24
235,Organic interactive concept,8,describe,2,http://www.edwards.com/,37,88,Y,2024-06-18
236,Object-based disintermediate intranet,6,loss,2,https://www.lewis-brewer.com/,246,30,Y,2024-06-17
237,Open-architected tangible strategy,1,people,2,https://www.jimenez-sanchez.com/,948,24,N,2024-06-02
238,Virtual systematic concept,7,interest,5,http://www.lynch-hodges.com/,935,54,N,2024-05-01
239,Cross-platform content-based budgetary management,8,sense,3,http://www.molina-fisher.biz/,939,9,Y,2024-08-21
240,Organic solution-oriented utilization,4,sell,1,https://www.oliver-lee.info/,946,13,N,2024-10-26
241,Object-based national moratorium,2,behavior,5,https://www.huerta.biz/,425,65,Y,2024-04-30
242,Open-architected even-keeled flexibility,10,television,3,https://www.kennedy.biz/,553,97,N,2024-12-10
243,Advanced 3rdgeneration help-desk,3,and,2,https://www.morgan.com/,423,84,N,2024-07-24
244,Programmable empowering project,4,all,1,http://www.davis.com/,377,39,Y,2024-10-30
245,Monitored content-based open system,1,subject,5,http://cline.com/,902,79,Y,2024-03-13
246,Cloned system-worthy process improvement,4,stock,3,http://www.compton.com/,709,73,Y,2024-12-19
247,Multi-layered local utilization,4,opportunity,1,http://thomas-anderson.com/,365,49,N,2024-03-23
248,Switchable static policy,4,series,4,https://stuart.com/,443,64,Y,2024-03-03
249,Stand-alone 24/7 challenge,4,off,4,http://beck.com/,314,54,Y,2024-10-03
250,Profound upward-trending migration,6,industry,1,https://www.burgess.com/,765,39,N,2024-09-18
251,Re-contextualized hybrid synergy,3,write,2,https://rivera-evans.biz/,528,97,Y,2024-08-01
252,Future-proofed local core,4,reveal,2,http://perez-gardner.info/,903,42,Y,2024-10-08
253,Seamless actuating support,5,religious,5,https://johnson.info/,676,42,Y,2024-12-14
254,Switchable maximized interface,12,perhaps,5,http://www.moore.net/,458,98,Y,2024-05-01
255,Advanced actuating capacity,12,prevent,3,https://www.baker.com/,611,53,N,2024-10-02
256,Synchronized 3rdgeneration policy,8,today,4,https://mckinney.com/,323,71,Y,2024-01-31
257,Managed secondary utilization,11,some,2,http://www.wallace.com/,355,23,Y,2024-12-30
258,Adaptive upward-trending paradigm,11,behind,5,https://crawford-ryan.biz/,509,1,N,2024-09-13
259,Future-proofed logistical access,5,forget,1,http://cooper-levine.com/,978,56,N,2024-08-11
260,User-centric modular capability,2,allow,2,http://richardson.com/,201,89,Y,2025-01-02
261,Business-focused transitional matrices,6,new,3,https://murray.com/,42,20,N,2024-11-06
262,Versatile intangible circuit,5,blood,4,http://www.coleman.com/,516,27,Y,2024-05-29
263,Cross-platform multimedia matrix,8,rise,3,http://www.dixon.com/,15,14,N,2024-10-24
264,Self-enabling uniform help-desk,4,realize,2,http://www.christian-rivera.biz/,510,82,Y,2024-08-10
265,Assimilated bifurcated matrices,4,science,3,https://www.palmer-rodriguez.com/,585,15,N,2024-03-29
266,Proactive local capability,2,consumer,1,https://martinez-park.com/,692,45,Y,2024-09-29
267,Customizable client-server instruction set,7,decide,5,https://www.stewart.com/,644,51,Y,2024-11-26
268,Persevering multi-state flexibility,7,plant,3,https://reed.com/,172,60,Y,2024-04-14
269,Centralized zero administration hub,12,feel,1,http://henson-king.com/,192,52,N,2024-08-14
270,Re-engineered analyzing ability,11,hour,3,http://www.whitaker.com/,964,37,Y,2024-12-21
271,Reduced object-oriented moderator,7,serious,4,https://brown-taylor.com/,429,66,N,2024-11-29
272,Right-sized contextually-based model,10,run,4,http://www.robinson-vance.com/,491,85,N,2024-09-27
273,Customizable multi-tasking core,7,serve,4,http://kelley.com/,645,24,N,2024-05-10
274,Multi-layered systemic Local Area Network,10,their,5,http://noble.com/,419,91,Y,2024-12-24
275,Mandatory reciprocal middleware,1,down,1,https://martinez-chavez.com/,708,30,Y,2024-04-22
276,Face-to-face dedicated application,4,itself,2,https://turner-mccarthy.com/,500,79,Y,2024-07-07
277,Integrated foreground knowledgebase,2,leader,4,https://www.monroe.com/,2,22,N,2024-11-29
278,Optional exuding toolset,11,sport,4,http://gutierrez-nichols.com/,124,78,N,2024-10-07
279,Balanced executive hardware,2,long,3,https://byrd.com/,878,78,N,2024-02-02
280,Universal hybrid process improvement,10,room,1,https://nash.com/,878,70,N,2024-09-19
281,Profound multimedia forecast,2,father,3,http://www.montes.com/,753,59,N,2024-12-29
282,Optimized hybrid hardware,7,local,1,https://hughes-ellison.info/,999,54,Y,2024-06-23
283,Managed stable customer loyalty,4,likely,5,http://www.petersen.info/,290,75,N,2024-09-17
284,Realigned 5thgeneration encryption,12,how,2,https://massey.com/,408,4,N,2024-10-09
285,Business-focused composite standardization,9,population,2,http://www.campos.com/,861,21,N,2024-02-18
286,Balanced hybrid implementation,10,person,3,https://bruce-george.com/,728,52,Y,2024-07-17
287,Centralized clear-thinking methodology,5,although,1,http://holden.org/,772,2,N,2024-11-01
288,Re-engineered 4thgeneration analyzer,7,more,1,http://thomas-davis.com/,689,48,Y,2024-07-10
289,Adaptive client-server encoding,10,step,2,http://www.oconnell-gardner.com/,162,94,N,2024-07-10
290,Multi-channeled zero tolerance array,8,low,5,http://www.meza-maldonado.com/,614,6,N,2024-04-25
291,Inverse bottom-line software,1,watch,4,http://www.cunningham-gardner.info/,583,2,Y,2024-07-07
292,Profound analyzing infrastructure,1,pull,2,http://davis.biz/,293,95,N,2024-04-22
293,Multi-channeled tertiary standardization,12,suddenly,1,http://moyer.com/,81,24,Y,2024-04-22
294,Implemented mission-critical solution,3,rule,4,https://www.henderson.info/,218,4,Y,2024-09-10
295,Advanced impactful initiative,4,responsibility,5,http://robinson.net/,641,47,N,2024-12-20
296,Upgradable foreground matrix,12,figure,1,https://ramos.com/,711,88,Y,2024-02-17
297,Synchronized optimal migration,10,its,2,http://jackson.net/,976,5,N,2024-10-09
298,Optimized clear-thinking process improvement,3,feeling,2,https://grant-moore.org/,202,6,Y,2024-02-20
299,Enhanced full-range superstructure,4,stock,3,https://andrews-jones.biz/,754,71,Y,2024-09-19
300,Horizontal actuating support,4,mission,2,http://www.kim.com/,591,70,N,2024-02-24
301,Devolved didactic moratorium,2,plant,1,https://www.smith-crawford.com/,716,16,Y,2024-06-06
302,Ergonomic 24/7 concept,11,price,5,http://long.biz/,597,64,N,2024-09-20
303,Polarized next generation methodology,4,ability,5,https://mcclure-brown.com/,844,85,N,2024-02-15
304,Realigned next generation initiative,10,off,2,https://www.lowe.com/,450,71,N,2024-03-08
305,Future-proofed well-modulated leverage,7,term,4,http://www.gregory.com/,965,69,Y,2024-09-08
306,Inverse well-modulated frame,4,pick,4,http://www.sullivan-brown.info/,8,82,N,2024-11-10
307,Balanced real-time alliance,3,whole,2,https://www.kemp-smith.net/,608,99,N,2024-04-16
308,Enterprise-wide impactful info-mediaries,7,perform,3,https://www.richardson.org/,107,39,N,2024-10-30
309,Profound grid-enabled moratorium,11,strategy,3,https://carpenter-nelson.org/,816,66,N,2024-05-04
310,Progressive zero tolerance strategy,6,manage,4,https://ford.com/,278,26,Y,2024-02-02
311,Total 5thgeneration forecast,7,our,2,https://conner.com/,840,3,N,2024-07-30
312,Programmable actuating emulation,9,Mr,1,https://www.holder.com/,317,87,N,2024-11-19
313,Integrated context-sensitive migration,10,true,5,http://wolf.com/,642,16,N,2024-09-02
314,User-friendly eco-centric function,3,argue,1,https://www.young-levine.info/,178,76,Y,2024-11-15
315,Virtual full-range website,2,industry,2,https://www.haney-moore.com/,11,98,Y,2024-09-26
316,Switchable eco-centric moderator,9,three,3,http://goodman-moore.com/,244,83,Y,2024-06-23
317,Open-architected fresh-thinking initiative,10,new,1,https://www.anderson-kline.com/,297,11,Y,2024-07-23
318,Optimized tangible encryption,2,floor,4,https://www.townsend.info/,606,53,Y,2024-07-15
319,Optimized multimedia frame,4,toward,1,http://www.russo-jones.com/,641,44,Y,2024-11-21
320,Focused transitional product,8,care,3,https://www.herrera.com/,586,44,Y,2024-09-22
321,Progressive didactic collaboration,5,minute,3,http://gutierrez-kirby.com/,245,22,N,2024-08-13
322,Optional user-facing info-mediaries,2,half,5,https://dyer.info/,171,74,Y,2024-07-08
323,Upgradable uniform strategy,3,strategy,5,http://ramirez.com/,288,84,N,2024-06-20
324,Pre-emptive optimal open architecture,2,collection,4,https://hines-martin.com/,89,87,N,2024-12-02
325,Total uniform budgetary management,10,step,2,https://anderson.com/,701,53,Y,2024-05-16
326,Future-proofed systematic knowledgebase,5,why,1,https://salas.org/,533,95,N,2025-01-01
327,Polarized encompassing Graphical User Interface,2,whom,4,https://www.hoffman-deleon.biz/,239,17,Y,2024-12-02
328,Implemented homogeneous paradigm,9,best,1,https://www.green.biz/,201,63,Y,2024-08-13
329,Customizable zero-defect help-desk,12,rate,3,https://www.conrad.info/,495,92,N,2024-06-14
330,Integrated logistical infrastructure,2,too,1,http://www.mercer.com/,249,61,N,2024-03-18
331,Multi-channeled zero-defect moratorium,3,kid,2,http://martin.com/,425,94,N,2024-12-23
332,Visionary empowering protocol,10,pay,3,https://www.james.com/,126,92,N,2024-11-22
333,Fundamental tangible budgetary management,3,form,3,http://hall.com/,954,69,Y,2025-01-03
334,Monitored maximized product,9,run,3,https://lloyd-miller.com/,86,56,Y,2024-06-03
335,Seamless content-based moderator,6,economy,4,https://matthews-hoover.com/,530,10,Y,2024-09-26
336,Re-engineered non-volatile interface,7,interview,3,http://www.carr.com/,807,100,N,2024-09-24
337,Virtual background standardization,12,agreement,4,http://diaz-harris.com/,421,65,N,2024-04-16
338,Streamlined multimedia application,8,yourself,1,http://www.wilson-miller.com/,843,25,Y,2024-06-06
339,Assimilated zero administration matrices,11,card,5,https://white.com/,61,13,Y,2024-05-26
340,Versatile clear-thinking challenge,3,state,5,https://holmes-mcdonald.biz/,665,13,N,2024-05-24
341,Object-based tangible ability,9,radio,3,http://wells.biz/,702,16,Y,2024-04-07
342,Innovative logistical emulation,9,allow,3,https://www.rhodes.com/,539,11,Y,2025-01-19
343,Reactive coherent benchmark,1,sister,1,http://www.smith-ballard.com/,293,50,Y,2024-04-15
344,Centralized well-modulated model,3,discussion,2,https://miranda-carr.com/,785,96,N,2024-12-09
345,Customizable encompassing instruction set,4,such,3,http://www.anderson.com/,650,76,N,2024-02-09
346,Multi-lateral motivating moderator,9,forward,2,http://jones.com/,523,76,Y,2024-07-22
347,Focused zero-defect collaboration,2,budget,3,http://branch-mathews.org/,985,7,Y,2024-05-07
348,Intuitive systemic projection,3,story,2,http://www.martinez.com/,345,55,Y,2024-07-22
349,Pre-emptive intermediate solution,2,image,4,http://www.davis-flores.com/,508,49,N,2024-11-08
350,Right-sized mobile ability,1,state,2,https://www.hernandez.com/,464,13,N,2024-09-04
351,Profit-focused methodical flexibility,9,scientist,5,https://wagner-yates.info/,185,60,N,2025-01-20
352,Focused tangible help-desk,8,these,5,http://hill.com/,790,88,N,2024-12-26
353,Public-key 3rdgeneration circuit,2,environmental,5,http://www.carter.net/,79,79,Y,2024-02-16
354,Team-oriented demand-driven paradigm,9,have,2,https://www.mueller.org/,315,64,N,2024-02-17
355,Networked non-volatile service-desk,12,myself,1,http://rocha.biz/,357,12,Y,2025-01-26
356,Customizable zero tolerance hardware,11,network,3,http://davis.com/,486,30,Y,2024-04-18
357,Mandatory cohesive core,11,begin,5,http://campbell.com/,32,24,Y,2024-03-01
358,Devolved didactic complexity,2,education,2,http://www.walker.com/,117,91,Y,2024-04-02
359,Universal multi-tasking secured line,12,interest,3,https://patterson.com/,859,66,Y,2024-05-10
360,Compatible regional approach,5,culture,1,http://www.brown-mccarthy.com/,851,95,N,2024-07-01
361,Configurable radical conglomeration,12,official,2,http://nguyen.info/,22,36,N,2024-11-13
362,Expanded directional customer loyalty,5,open,4,http://copeland.net/,581,60,N,2025-01-12
363,Multi-channeled neutral migration,3,happen,3,https://www.hoffman-williams.com/,577,53,Y,2024-07-17
364,Ameliorated secondary toolset,5,serious,5,http://www.carlson.biz/,955,97,Y,2025-01-28
365,Ergonomic 24hour attitude,1,reveal,1,https://www.peters.org/,605,58,N,2024-06-16
366,Virtual explicit model,9,every,5,https://franklin-harmon.biz/,232,32,N,2024-06-13
367,Ergonomic local website,6,detail,1,https://www.shaw.com/,63,34,Y,2025-01-11
368,Up-sized tertiary complexity,10,however,3,http://garcia-rodriguez.com/,92,86,Y,2024-09-27
369,Implemented empowering neural-net,4,center,1,http://campbell.info/,220,4,N,2024-07-10
370,Horizontal regional extranet,7,cost,4,http://www.thompson.com/,73,62,Y,2024-09-24
371,Operative tertiary array,7,total,1,http://cummings-rice.com/,398,88,N,2024-07-19
372,Customizable grid-enabled benchmark,9,mouth,3,http://www.jackson.info/,876,53,N,2024-02-01
373,Assimilated eco-centric implementation,12,air,5,http://wilson.org/,691,18,Y,2024-11-22
374,Synergized local project,10,cultural,5,https://www.watson.com/,501,17,N,2024-10-28
375,Multi-layered bi-directional solution,9,body,1,http://www.daniels-ray.info/,525,14,N,2024-05-22
376,Centralized bandwidth-monitored task-force,10,finally,4,http://diaz-johnson.com/,619,18,Y,2025-01-16
377,Phased modular hub,5,represent,3,https://cox.com/,919,33,Y,2024-09-25
378,Robust solution-oriented analyzer,6,reach,3,https://www.holmes.com/,451,19,N,2024-06-18
379,Grass-roots leadingedge neural-net,8,activity,4,https://mann-price.com/,176,11,Y,2024-09-05
380,Devolved disintermediate productivity,10,time,4,https://www.rogers-turner.org/,874,26,N,2024-08-18
381,Organic didactic capacity,3,in,1,https://baldwin.com/,725,75,Y,2024-10-13
382,Customizable optimal forecast,7,station,1,https://www.johnson-murphy.net/,974,85,N,2024-09-08
383,Organic optimizing migration,10,they,3,http://sparks.com/,975,15,N,2024-12-28
384,Down-sized well-modulated instruction set,12,couple,2,https://www.ellis.com/,885,25,Y,2024-09-27
385,Organic reciprocal process improvement,10,about,1,https://nichols-rosario.biz/,65,57,Y,2024-06-26
386,Persistent background workforce,12,and,4,https://james.com/,434,68,N,2024-12-25
387,Configurable logistical intranet,4,need,4,http://hughes.net/,138,13,N,2024-12-15
388,Innovative well-modulated array,9,house,5,http://arellano.com/,221,45,N,2024-07-30
389,Function-based uniform collaboration,12,feeling,1,http://foster.info/,827,40,N,2025-01-14
390,Persevering solution-oriented installation,1,say,3,https://www.adams.com/,711,59,Y,2025-01-17
391,Function-based didactic infrastructure,3,they,4,https://garcia.info/,326,50,N,2024-06-19
392,Assimilated directional core,7,city,3,https://johnson-holmes.com/,104,88,N,2024-07-21
393,Right-sized contextually-based budgetary management,6,institution,4,http://daniel.org/,400,54,N,2024-11-19
394,Intuitive secondary core,2,begin,3,http://hernandez-miller.info/,470,99,Y,2024-04-15
395,Assimilated eco-centric help-desk,2,hard,1,http://sanders-myers.com/,144,5,N,2024-03-06
396,Focused high-level task-force,1,past,1,https://sanchez.com/,535,89,Y,2024-09-26
397,Function-based radical success,12,certain,3,http://www.miller.biz/,642,68,Y,2024-08-04
398,Future-proofed neutral encoding,6,talk,5,http://lopez.biz/,433,63,Y,2024-02-07
399,Front-line motivating instruction set,7,shake,2,http://hicks.org/,371,93,N,2024-10-31
400,Progressive 6thgeneration task-force,3,catch,3,http://martinez.com/,472,54,Y,2024-08-12
401,Enterprise-wide system-worthy migration,6,fly,1,http://walton-gaines.biz/,729,92,Y,2024-05-22
402,Re-contextualized interactive utilization,4,choose,3,http://brooks.info/,893,78,N,2024-11-02
403,Enhanced disintermediate archive,9,focus,1,https://www.rodriguez.biz/,861,67,N,2024-05-17
404,Assimilated upward-trending framework,2,environmental,5,https://www.gonzalez-sheppard.com/,442,87,Y,2024-08-13
405,Versatile background matrix,1,hospital,3,http://www.reed.info/,210,36,Y,2024-08-12
406,Visionary multi-tasking attitude,3,nothing,5,http://www.ward.com/,618,86,N,2024-04-14
407,Profit-focused encompassing productivity,9,pull,3,http://powers.com/,223,17,Y,2024-10-08
408,Configurable bi-directional concept,12,point,1,https://murphy.com/,67,92,Y,2024-04-06
409,Programmable 24/7 emulation,4,degree,5,http://gonzales-frederick.com/,558,73,Y,2024-03-26
410,Synergistic next generation success,1,court,5,https://watkins.org/,15,36,Y,2024-08-23
411,Profit-focused 24hour access,1,break,2,http://www.smith.biz/,502,54,N,2024-05-08
412,Profound actuating algorithm,9,buy,3,https://www.nguyen-gonzales.com/,854,95,Y,2024-10-08
413,Cloned bandwidth-monitored open architecture,2,interesting,3,http://diaz.com/,44,44,N,2024-02-22
414,Mandatory optimizing info-mediaries,6,sport,1,http://www.wiley.net/,152,46,N,2024-11-12
415,Configurable asynchronous challenge,9,great,4,https://www.lindsey.org/,39,87,Y,2024-05-03
416,Total encompassing process improvement,10,behind,3,https://lee.com/,626,8,Y,2024-11-11
417,Synergized holistic strategy,11,benefit,4,http://www.carrillo-bullock.com/,754,78,Y,2024-04-09
418,Customizable demand-driven matrices,5,item,4,http://turner.biz/,198,51,Y,2024-02-16
419,Re-contextualized reciprocal algorithm,10,ready,5,https://wilson-boyd.com/,933,15,Y,2024-08-16
420,Organized even-keeled workforce,9,country,4,https://franco.org/,903,35,Y,2024-12-29
421,Function-based transitional attitude,7,many,2,http://www.lozano-vasquez.com/,419,76,N,2024-11-08
422,Down-sized scalable archive,2,today,4,https://www.ellis.com/,718,25,N,2024-05-30
423,Upgradable 24hour portal,8,building,4,https://www.allen-marshall.biz/,907,9,N,2024-03-05
424,De-engineered cohesive artificial intelligence,12,improve,4,http://www.russo.com/,326,24,N,2024-07-21
425,Quality-focused dynamic structure,12,particular,5,https://www.miller.net/,724,39,Y,2024-02-22
426,Reverse-engineered zero-defect project,12,remember,4,http://johnston-pugh.biz/,638,13,N,2024-09-26
427,Balanced bi-directional Graphical User Interface,5,machine,5,https://www.brown.org/,648,79,N,2024-02-08
428,Horizontal composite utilization,9,trip,5,http://www.perez-jones.com/,747,12,N,2024-04-10
429,Team-oriented multimedia complexity,2,produce,2,https://archer.com/,265,42,Y,2024-04-27
430,Cross-group 5thgeneration core,8,business,4,https://mays.com/,37,47,Y,2024-12-26
431,Team-oriented foreground capacity,9,class,4,https://www.turner-hall.com/,346,44,Y,2024-12-16
432,Extended 3rdgeneration secured line,6,color,4,http://www.turner.com/,167,34,N,2024-10-29
433,Object-based asymmetric neural-net,9,again,1,http://hanson-green.com/,557,96,N,2024-04-16
434,Advanced intangible system engine,8,left,5,https://www.underwood-ortiz.info/,984,76,N,2025-01-29
435,De-engineered global moderator,1,describe,1,http://murillo.com/,232,74,Y,2025-01-02
436,Open-source disintermediate initiative,10,character,2,http://johnson.com/,539,60,Y,2024-08-16
437,Progressive transitional intranet,8,music,3,https://scott-evans.com/,859,92,Y,2025-01-30
438,Enterprise-wide responsive moderator,5,rate,2,http://jackson-johnson.com/,23,13,Y,2024-12-21
439,Public-key mission-critical hierarchy,5,include,5,https://barry.info/,836,85,N,2025-01-16
440,Managed analyzing portal,4,chance,5,https://www.clark.com/,909,96,Y,2024-07-26
441,Total mission-critical utilization,9,deep,1,https://www.martinez.com/,959,40,Y,2025-01-09
442,Synergistic client-driven neural-net,5,hope,4,https://www.moore-hill.com/,182,40,N,2024-07-07
443,Persistent analyzing alliance,9,rock,4,http://meyer-gay.com/,704,94,Y,2024-02-27
444,Re-contextualized needs-based capacity,6,hope,4,http://www.smith.com/,950,97,Y,2024-05-28
445,Sharable bi-directional task-force,4,exactly,4,https://graham.com/,680,21,N,2024-07-02
446,Multi-lateral neutral knowledge user,4,where,2,https://johnson.com/,49,65,Y,2024-12-10
447,Realigned actuating architecture,4,effort,3,http://www.higgins.com/,327,100,N,2024-05-02
448,Quality-focused bandwidth-monitored analyzer,5,college,4,https://owens-baker.info/,672,65,N,2024-04-27
449,Sharable tangible toolset,4,once,2,https://rogers.org/,856,9,Y,2024-06-13
450,Synchronized human-resource knowledgebase,10,join,3,http://mckee.com/,304,77,N,2024-06-16
451,Horizontal stable portal,9,entire,4,http://graham-johnson.info/,105,63,N,2025-01-13
452,Centralized system-worthy initiative,12,in,2,https://www.peters-morris.net/,59,61,Y,2024-06-24
453,Re-engineered encompassing approach,10,campaign,5,https://miller.info/,78,89,N,2024-02-01
454,Enterprise-wide bi-directional website,7,memory,4,https://www.goodman.com/,430,9,N,2025-01-24
455,Stand-alone hybrid initiative,1,forget,5,http://foley-chung.com/,589,48,Y,2024-10-19
456,Open-architected exuding instruction set,2,lose,1,https://hawkins.com/,221,92,N,2024-08-31
457,Progressive foreground process improvement,7,somebody,2,https://moon-taylor.com/,327,62,N,2024-10-17
458,Enterprise-wide bifurcated portal,3,record,1,http://www.owens.com/,59,93,Y,2024-07-04
459,Assimilated logistical neural-net,3,while,5,http://www.smith-jones.com/,27,45,N,2024-08-01
460,User-centric optimizing workforce,10,reality,3,http://www.douglas.info/,383,3,Y,2024-03-15
461,Seamless background adapter,1,table,3,http://www.nelson.com/,305,36,Y,2024-09-19
462,Function-based zero administration initiative,6,better,4,http://curtis-reyes.com/,872,99,N,2024-07-05
463,Ergonomic human-resource function,11,myself,2,http://www.ortega.biz/,43,48,N,2024-02-09
464,Centralized multimedia Local Area Network,3,spring,4,http://www.silva-petty.com/,382,56,Y,2024-11-05
465,Customizable object-oriented matrix,3,blood,1,https://phillips-frank.com/,168,15,N,2024-07-25
466,Switchable systematic Graphical User Interface,6,issue,5,http://johns.com/,582,23,Y,2024-06-08
467,Distributed contextually-based website,10,probably,1,https://www.williams-foster.com/,329,25,N,2024-02-09
468,Fully-configurable 24hour hardware,1,once,1,http://www.harris.biz/,763,30,N,2024-04-15
469,Persistent systematic Local Area Network,12,get,4,http://hoover.com/,720,95,Y,2024-05-30
470,Mandatory eco-centric hardware,11,others,4,http://www.miller.com/,190,1,Y,2024-06-02
471,Mandatory contextually-based monitoring,3,high,3,https://www.thomas.com/,532,78,Y,2024-10-12
472,Organic zero administration interface,3,concern,2,https://kline.com/,664,60,N,2024-10-30
473,Front-line empowering flexibility,6,sell,4,https://www.stewart.com/,504,61,N,2024-06-08
474,Multi-layered needs-based focus group,7,full,4,http://lane.info/,887,70,N,2024-10-09
475,Versatile local projection,4,authority,2,https://www.hubbard-martinez.com/,284,15,N,2024-09-09
476,Expanded foreground help-desk,9,could,3,https://rodriguez.com/,160,54,Y,2024-07-21
477,Function-based zero tolerance neural-net,8,wind,4,http://wilkins.com/,368,61,N,2024-07-05
478,Devolved local application,7,care,3,http://www.rasmussen.com/,543,44,N,2024-06-18
479,Persevering zero administration contingency,9,give,3,http://www.lewis.com/,404,39,N,2024-07-12
480,Seamless next generation Graphical User Interface,2,so,5,https://schneider-martin.biz/,184,36,Y,2024-07-16
481,Implemented object-oriented superstructure,8,economic,5,http://www.young.com/,248,34,N,2024-08-06
482,Cross-platform interactive capability,9,appear,2,https://wells.biz/,868,84,N,2024-01-31
483,Multi-tiered even-keeled array,2,student,4,http://www.davis.com/,355,19,Y,2025-01-19
484,Advanced heuristic time-frame,11,way,5,https://stewart-brennan.com/,503,27,N,2024-04-05
485,Enterprise-wide systematic Internet solution,2,clearly,1,https://miller.com/,564,60,N,2024-04-08
486,Cross-group dedicated analyzer,9,him,4,http://steele.com/,247,34,Y,2024-02-04
487,Open-source systematic secured line,5,case,3,https://aguirre.net/,574,62,N,2024-06-14
488,Open-source 6thgeneration concept,8,sign,3,https://www.burke-bolton.info/,456,53,Y,2024-11-25
489,Diverse needs-based moderator,10,the,4,https://mcpherson.biz/,675,93,Y,2024-05-05
490,Reverse-engineered bifurcated paradigm,1,make,2,http://velazquez.info/,69,68,N,2024-08-31
491,Open-source contextually-based alliance,3,wear,4,http://freeman.biz/,499,73,N,2024-06-01
492,Organized 6thgeneration service-desk,1,short,4,http://www.thomas.net/,684,70,N,2024-11-10
493,Assimilated solution-oriented flexibility,8,political,3,http://www.jones.com/,748,23,Y,2024-07-28
494,Object-based content-based knowledge user,6,democratic,1,http://www.hubbard.com/,681,42,N,2025-01-27
495,Cross-platform systematic capacity,9,off,3,https://lara-morris.com/,414,23,Y,2024-04-16
496,Networked global budgetary management,2,expert,4,https://murphy.com/,215,34,N,2024-04-03
497,Upgradable 4thgeneration neural-net,6,dark,1,https://herrera.net/,545,93,N,2024-05-18
498,Re-engineered intermediate flexibility,6,whose,1,http://smith.net/,355,30,Y,2024-05-01
499,Quality-focused demand-driven extranet,3,read,1,http://www.knapp.net/,301,10,Y,2024-12-15
500,Down-sized optimal access,12,news,5,https://norton.com/,129,81,N,2024-06-09
